time,state,north,east,down,tgt_n,tgt_e,tgt_d,obstacle,wp_index,geocage,geofence,inside,caged
22:38:07,MOVE,-0.009,-0.021,-4.943,5.0,5.0,-5.0,,1,1,1,1,0
22:38:07,MOVE,-0.008,-0.024,-4.942,5.0,5.0,-5.0,,1,1,1,1,0
22:38:08,MOVE,0.0,-0.014,-4.943,5.0,5.0,-5.0,,1,1,1,1,0
22:38:08,MOVE,0.045,0.046,-4.953,5.0,5.0,-5.0,,1,1,1,1,0
22:38:08,MOVE,0.142,0.161,-4.956,5.0,5.0,-5.0,,1,1,1,1,0
22:38:08,MOVE,0.308,0.331,-4.949,5.0,5.0,-5.0,,1,1,1,1,0
22:38:08,MOVE,0.524,0.525,-4.936,5.0,5.0,-5.0,,1,1,1,1,0
22:38:08,MOVE,0.775,0.726,-4.93,5.0,5.0,-5.0,,1,1,1,1,0
22:38:08,MOVE,1.063,0.944,-4.931,5.0,5.0,-5.0,,1,1,1,1,0
22:38:08,MOVE,1.405,1.202,-4.936,5.0,5.0,-5.0,,1,1,1,1,0
22:38:08,MOVE,1.723,1.452,-4.942,5.0,5.0,-5.0,,1,1,1,1,0
22:38:08,MOVE,2.066,1.745,-4.95,5.0,5.0,-5.0,,1,1,1,1,0
22:38:09,MOVE,2.395,2.052,-4.958,5.0,5.0,-5.0,,1,1,1,1,0
22:38:09,MOVE,2.704,2.366,-4.967,5.0,5.0,-5.0,,1,1,1,1,0
22:38:09,MOVE,2.966,2.648,-4.974,5.0,5.0,-5.0,,1,1,1,1,0
22:38:09,MOVE,3.235,2.948,-4.981,5.0,5.0,-5.0,,1,1,1,1,0
22:38:09,MOVE,3.484,3.231,-4.987,5.0,5.0,-5.0,,1,1,1,1,0
22:38:09,MOVE,3.734,3.514,-4.992,5.0,5.0,-5.0,,1,1,1,1,0
22:38:09,MOVE,3.942,3.749,-4.996,5.0,5.0,-5.0,,1,1,1,1,0
22:38:09,MOVE,4.132,3.961,-4.999,5.0,5.0,-5.0,,1,1,1,1,0
22:38:09,MOVE,4.302,4.15,-5.003,5.0,5.0,-5.0,,1,1,1,1,0
22:38:09,MOVE,4.48,4.342,-5.007,5.0,5.0,-5.0,,1,1,1,1,0
22:38:10,MOVE,4.6,4.47,-5.011,5.0,5.0,-5.0,,1,1,1,1,0
22:38:10,MOVE,4.727,4.602,-5.014,10.0,-6.0,-5.0,,2,1,1,1,0
22:38:10,MOVE,4.827,4.705,-5.016,10.0,-6.0,-5.0,,2,1,1,1,0
22:38:10,MOVE,4.941,4.799,-5.024,10.0,-6.0,-5.0,,2,1,1,1,0
22:38:10,MOVE,5.058,4.835,-5.037,10.0,-6.0,-5.0,,2,1,1,1,0
22:38:10,MOVE,5.239,4.805,-5.042,10.0,-6.0,-5.0,,2,1,1,1,0
22:38:10,MOVE,5.391,4.727,-5.031,10.0,-6.0,-5.0,,2,1,1,1,0
22:38:10,MOVE,5.643,4.527,-4.995,10.0,-6.0,-5.0,,2,1,1,1,0
22:38:10,MOVE,5.875,4.276,-4.955,10.0,-6.0,-5.0,,2,1,1,1,0
22:38:10,MOVE,6.093,3.992,-4.92,10.0,-6.0,-5.0,,2,1,1,1,0
22:38:11,MOVE,6.355,3.592,-4.886,10.0,-6.0,-5.0,,2,1,1,1,0
22:38:11,MOVE,6.57,3.216,-4.869,10.0,-6.0,-5.0,,2,1,1,1,0
22:38:11,MOVE,6.782,2.806,-4.862,10.0,-6.0,-5.0,,2,1,1,1,0
22:38:11,MOVE,7.01,2.315,-4.866,10.0,-6.0,-5.0,,2,1,1,1,0
22:38:11,MOVE,7.212,1.83,-4.882,10.0,-6.0,-5.0,,2,1,1,1,0
22:38:11,MOVE,7.407,1.32,-4.904,10.0,-6.0,-5.0,,2,1,1,1,0
22:38:11,MOVE,7.614,0.743,-4.934,10.0,-6.0,-5.0,,2,1,1,1,0
22:38:11,MOVE,7.779,0.271,-4.961,10.0,-6.0,-5.0,,2,1,1,1,0
22:38:11,MOVE,7.958,-0.248,-4.992,10.0,-6.0,-5.0,,2,1,1,1,0
22:38:11,MOVE,8.152,-0.801,-5.028,10.0,-6.0,-5.0,,2,1,1,1,0
22:38:12,MOVE,8.308,-1.234,-5.056,10.0,-6.0,-5.0,,2,1,1,1,0
22:38:12,MOVE,8.494,-1.74,-5.087,10.0,-6.0,-5.0,,2,1,1,1,0
22:38:12,MOVE,8.657,-2.173,-5.11,10.0,-6.0,-5.0,,2,1,1,1,0
22:38:12,MOVE,8.83,-2.619,-5.129,10.0,-6.0,-5.0,,2,1,1,1,0
22:38:12,MOVE,8.992,-3.032,-5.142,10.0,-6.0,-5.0,,2,1,1,1,0
22:38:12,MOVE,9.145,-3.413,-5.148,10.0,-6.0,-5.0,,2,1,1,1,0
22:38:12,MOVE,9.287,-3.76,-5.149,10.0,-6.0,-5.0,,2,1,1,1,0
22:38:12,MOVE,9.418,-4.073,-5.147,10.0,-6.0,-5.0,,2,1,1,1,0
22:38:12,MOVE,9.527,-4.331,-5.144,10.0,-6.0,-5.0,,2,1,1,1,0
22:38:12,MOVE,9.638,-4.586,-5.139,10.0,-6.0,-5.0,,2,1,1,1,0
22:38:13,MOVE,9.738,-4.812,-5.134,10.0,-6.0,-5.0,,2,1,1,1,0
22:38:13,MOVE,9.837,-5.028,-5.13,10.0,-6.0,-5.0,,2,1,1,1,0
22:38:13,MOVE,9.918,-5.201,-5.126,10.0,-6.0,-5.0,,2,1,1,1,0
22:38:13,MOVE,10.004,-5.377,-5.121,10.0,-6.0,-5.0,,2,1,1,1,0
22:38:13,MOVE,10.063,-5.495,-5.117,18.0,0.0,-5.0,,3,1,1,1,0
22:38:13,MOVE,10.129,-5.618,-5.111,18.0,0.0,-5.0,,3,1,1,1,0
22:38:13,MOVE,10.206,-5.731,-5.109,18.0,0.0,-5.0,,3,1,1,1,0
22:38:13,MOVE,10.309,-5.805,-5.114,18.0,0.0,-5.0,,3,1,1,1,0
22:38:13,MOVE,10.472,-5.85,-5.115,18.0,0.0,-5.0,,3,1,1,1,0
22:38:13,MOVE,10.701,-5.854,-5.103,18.0,0.0,-5.0,,3,1,1,1,0
22:38:14,MOVE,11.024,-5.801,-5.073,18.0,0.0,-5.0,,3,1,1,1,0
22:38:14,MOVE,11.308,-5.719,-5.043,18.0,0.0,-5.0,,3,1,1,1,0
22:38:14,MOVE,11.733,-5.554,-5.003,18.0,0.0,-5.0,,3,1,1,1,0
22:38:14,MOVE,12.155,-5.356,-4.972,18.0,0.0,-5.0,,3,1,1,1,0
22:38:14,MOVE,12.559,-5.141,-4.951,18.0,0.0,-5.0,,3,1,1,1,0
22:38:14,MOVE,12.976,-4.898,-4.935,18.0,0.0,-5.0,,3,1,1,1,0
22:38:14,MOVE,13.398,-4.631,-4.921,18.0,0.0,-5.0,,3,1,1,1,0
22:38:14,MOVE,13.859,-4.315,-4.912,18.0,0.0,-5.0,,3,1,1,1,0
22:38:14,MOVE,14.226,-4.043,-4.918,18.0,0.0,-5.0,,3,1,1,1,0
22:38:14,MOVE,14.658,-3.703,-4.938,18.0,0.0,-5.0,,3,1,1,1,0
22:38:15,MOVE,15.1,-3.337,-4.969,18.0,0.0,-5.0,,3,1,1,1,0
22:38:15,MOVE,15.377,-3.1,-4.993,18.0,0.0,-5.0,,3,1,1,1,0
22:38:15,MOVE,15.702,-2.815,-5.023,18.0,0.0,-5.0,,3,1,1,1,0
22:38:15,MOVE,16.062,-2.491,-5.06,18.0,0.0,-5.0,,3,1,1,1,0
22:38:15,MOVE,16.335,-2.237,-5.087,18.0,0.0,-5.0,,3,1,1,1,0
22:38:15,MOVE,16.61,-1.974,-5.113,18.0,0.0,-5.0,,3,1,1,1,0
22:38:15,MOVE,16.857,-1.727,-5.131,18.0,0.0,-5.0,,3,1,1,1,0
22:38:15,MOVE,17.059,-1.517,-5.142,18.0,0.0,-5.0,,3,1,1,1,0
22:38:15,MOVE,17.289,-1.264,-5.147,18.0,0.0,-5.0,,3,1,1,1,0
22:38:15,MOVE,17.456,-1.067,-5.146,18.0,0.0,-5.0,,3,1,1,1,0
22:38:16,MOVE,17.598,-0.887,-5.14,18.0,0.0,-5.0,,3,1,1,1,0
22:38:16,MOVE,17.737,-0.694,-5.132,18.0,0.0,-5.0,,3,1,1,1,0
22:38:16,MOVE,17.822,-0.559,-5.126,18.0,0.0,-5.0,,3,1,1,1,0
22:38:16,MOVE,17.903,-0.414,-5.119,24.0,0.0,-5.0,,4,1,1,1,0
22:38:16,MOVE,17.955,-0.305,-5.111,24.0,0.0,-5.0,,4,1,1,1,0
22:38:16,MOVE,18.013,-0.183,-5.1,24.0,0.0,-5.0,,4,1,1,1,0
22:38:16,MOVE,18.102,-0.064,-5.097,24.0,0.0,-5.0,,4,1,1,1,0
22:38:16,MOVE,18.254,0.051,-5.089,24.0,0.0,-5.0,,4,1,1,1,0
22:38:16,MOVE,18.478,0.154,-5.069,24.0,0.0,-5.0,,4,1,1,1,0
22:38:16,MOVE,18.741,0.231,-5.042,24.0,0.0,-5.0,,4,1,1,1,0
22:38:17,MOVE,19.049,0.29,-5.016,24.0,0.0,-5.0,,4,1,1,1,0
22:38:17,MOVE,19.397,0.333,-5.005,24.0,0.0,-5.0,,4,1,1,1,0
22:38:17,MOVE,19.733,0.362,-5.006,24.0,0.0,-5.0,,4,1,1,1,0
22:38:17,MOVE,20.112,0.389,-5.013,24.0,0.0,-5.0,,4,1,1,1,0
22:38:17,MOVE,20.49,0.413,-5.024,24.0,0.0,-5.0,,4,1,1,1,0
22:38:17,MOVE,20.862,0.434,-5.037,24.0,0.0,-5.0,,4,1,1,1,0
22:38:17,MOVE,21.222,0.455,-5.05,24.0,0.0,-5.0,,4,1,1,1,0
22:38:17,MOVE,21.535,0.471,-5.061,24.0,0.0,-5.0,,4,1,1,1,0
22:38:17,MOVE,21.86,0.487,-5.071,24.0,0.0,-5.0,,4,1,1,1,0
22:38:17,MOVE,22.137,0.499,-5.078,24.0,0.0,-5.0,,4,1,1,1,0
22:38:18,MOVE,22.492,0.51,-5.083,24.0,0.0,-5.0,,4,1,1,1,0
22:38:18,MOVE,22.721,0.514,-5.085,24.0,0.0,-5.0,,4,1,1,1,0
22:38:18,MOVE,22.95,0.514,-5.084,24.0,0.0,-5.0,,4,1,1,1,0
22:38:18,MOVE,23.189,0.508,-5.082,24.0,0.0,-5.0,,4,1,1,1,0
22:38:18,MOVE,23.351,0.5,-5.08,24.0,0.0,-5.0,,4,1,1,1,0
22:38:18,MOVE,23.521,0.486,-5.077,24.0,0.0,-5.0,,4,1,1,1,0
22:38:18,MOVE,23.666,0.469,-5.076,32.0,0.0,-5.0,,5,1,1,1,0
22:38:18,MOVE,23.788,0.45,-5.075,32.0,0.0,-5.0,,5,1,1,1,0
22:38:18,MOVE,23.914,0.427,-5.096,32.0,0.0,-5.0,,5,1,1,1,0
22:38:18,MOVE,24.04,0.407,-5.123,32.0,0.0,-5.0,,5,1,1,1,0
22:38:19,MOVE,24.273,0.381,-5.149,32.0,0.0,-5.0,,5,1,1,1,0
22:38:19,MOVE,24.519,0.362,-5.158,32.0,0.0,-5.0,,5,1,1,1,0
22:38:19,MOVE,24.893,0.341,-5.162,32.0,0.0,-5.0,,5,1,1,1,0
22:38:19,MOVE,25.257,0.325,-5.158,32.0,0.0,-5.0,,5,1,1,1,0
22:38:19,MOVE,25.616,0.313,-5.151,32.0,0.0,-5.0,,5,1,1,1,0
22:38:19,MOVE,26.129,0.297,-5.136,32.0,0.0,-5.0,,5,1,1,1,0
22:38:19,MOVE,26.531,0.285,-5.124,32.0,0.0,-5.0,,5,1,1,1,0
22:38:19,MOVE,26.985,0.269,-5.109,32.0,0.0,-5.0,,5,1,1,1,0
22:38:19,MOVE,27.485,0.251,-5.094,32.0,0.0,-5.0,,5,1,1,1,0
22:38:19,MOVE,27.976,0.23,-5.081,32.0,0.0,-5.0,,5,1,1,1,0
22:38:20,MOVE,28.367,0.213,-5.072,32.0,0.0,-5.0,,5,1,1,1,0
22:38:20,MOVE,28.783,0.192,-5.064,32.0,0.0,-5.0,,5,1,1,1,0
22:38:20,MOVE,29.216,0.17,-5.057,32.0,0.0,-5.0,,5,1,1,1,0
22:38:20,MOVE,29.583,0.151,-5.051,32.0,0.0,-5.0,,5,1,1,1,0
22:38:20,MOVE,29.957,0.132,-5.046,32.0,0.0,-5.0,,5,1,1,1,0
22:38:20,MOVE,30.298,0.117,-5.041,32.0,0.0,-5.0,,5,1,1,1,0
22:38:20,MOVE,30.632,0.104,-5.036,32.0,0.0,-5.0,,5,1,1,1,0
22:38:20,MOVE,30.905,0.096,-5.032,32.0,0.0,-5.0,,5,1,1,1,0
22:38:20,MOVE,31.146,0.092,-5.028,32.0,0.0,-5.0,,5,1,1,1,0
22:38:20,MOVE,31.375,0.091,-5.024,32.0,0.0,-5.0,,5,1,1,1,0
22:38:21,MOVE,31.57,0.094,-5.021,38.0,0.0,-5.0,,6,1,1,1,0
22:38:21,MOVE,31.736,0.098,-5.017,38.0,0.0,-5.0,,6,1,1,1,0
22:38:21,MOVE,31.872,0.104,-5.037,38.0,0.0,-5.0,,6,1,1,1,0
22:38:21,MOVE,32.042,0.111,-5.079,38.0,0.0,-5.0,,6,1,1,1,0
22:38:21,MOVE,32.24,0.117,-5.11,38.0,0.0,-5.0,,6,1,1,1,0
22:38:21,MOVE,32.461,0.122,-5.123,38.0,0.0,-5.0,,6,1,1,1,0
22:38:21,MOVE,32.802,0.128,-5.12,38.0,0.0,-5.0,,6,1,1,1,0
22:38:21,MOVE,33.129,0.131,-5.108,38.0,0.0,-5.0,,6,1,1,1,0
22:38:21,MOVE,33.45,0.134,-5.092,38.0,0.0,-5.0,,6,1,1,1,0
22:38:21,MOVE,33.821,0.136,-5.073,38.0,0.0,-5.0,,6,1,1,1,0
22:38:22,MOVE,34.166,0.135,-5.056,38.0,0.0,-5.0,,6,1,1,1,0
22:38:22,MOVE,34.581,0.133,-5.036,38.0,0.0,-5.0,,6,1,1,1,0
22:38:22,MOVE,34.921,0.13,-5.022,38.0,0.0,-5.0,,6,1,1,1,0
22:38:22,MOVE,35.252,0.126,-5.01,38.0,0.0,-5.0,,6,1,1,1,0
22:38:22,MOVE,35.601,0.12,-4.999,38.0,0.0,-5.0,,6,1,1,1,0
22:38:22,MOVE,35.93,0.114,-4.991,38.0,0.0,-5.0,,6,1,1,1,0
22:38:22,MOVE,36.211,0.107,-4.986,38.0,0.0,-5.0,,6,1,1,1,0
22:38:22,MOVE,36.547,0.099,-4.98,38.0,0.0,-5.0,,6,1,1,1,0
22:38:22,MOVE,36.76,0.093,-4.978,38.0,0.0,-5.0,,6,1,1,1,0
22:38:22,MOVE,36.996,0.085,-4.975,38.0,0.0,-5.0,,6,1,1,1,0
22:38:23,MOVE,37.225,0.078,-4.973,38.0,0.0,-5.0,,6,1,1,1,0
22:38:23,MOVE,37.41,0.072,-4.97,46.0,8.0,-5.0,,7,1,1,1,0
22:38:23,MOVE,37.601,0.065,-4.963,46.0,8.0,-5.0,,7,1,1,1,0
22:38:23,MOVE,37.752,0.066,-4.956,46.0,8.0,-5.0,,7,1,1,1,0
22:38:23,MOVE,37.954,0.101,-4.961,46.0,8.0,-5.0,,7,1,1,1,0
22:38:23,MOVE,38.147,0.17,-4.964,46.0,8.0,-5.0,,7,1,1,1,0
22:38:23,MOVE,38.407,0.301,-4.963,46.0,8.0,-5.0,,7,1,1,1,0
22:38:23,MOVE,38.686,0.475,-4.957,46.0,8.0,-5.0,,7,1,1,1,0
22:38:23,MOVE,39.037,0.728,-4.947,46.0,8.0,-5.0,,7,1,1,1,0
22:38:23,MOVE,39.394,1.011,-4.941,46.0,8.0,-5.0,,7,1,1,1,0
22:38:24,MOVE,39.828,1.381,-4.943,46.0,8.0,-5.0,,7,1,1,1,0
22:38:24,MOVE,40.206,1.719,-4.948,46.0,8.0,-5.0,,7,1,1,1,0
22:38:24,MOVE,40.686,2.159,-4.955,46.0,8.0,-5.0,,7,1,1,1,0
22:38:24,MOVE,41.086,2.533,-4.96,46.0,8.0,-5.0,,7,1,1,1,0
22:38:24,MOVE,41.532,2.956,-4.965,46.0,8.0,-5.0,,7,1,1,1,0
22:38:24,MOVE,41.97,3.379,-4.971,46.0,8.0,-5.0,,7,1,1,1,0
22:38:24,MOVE,42.354,3.755,-4.977,46.0,8.0,-5.0,,7,1,1,1,0
22:38:24,MOVE,42.804,4.203,-4.984,46.0,8.0,-5.0,,7,1,1,1,0
22:38:24,MOVE,43.189,4.596,-4.989,46.0,8.0,-5.0,,7,1,1,1,0
22:38:24,MOVE,43.514,4.935,-4.994,46.0,8.0,-5.0,,7,1,1,1,0
22:38:25,MOVE,43.881,5.328,-4.999,46.0,8.0,-5.0,,7,1,1,1,0
22:38:25,MOVE,44.214,5.695,-5.002,46.0,8.0,-5.0,,7,1,1,1,0
22:38:25,MOVE,44.461,5.974,-5.005,46.0,8.0,-5.0,,7,1,1,1,0
22:38:25,MOVE,44.732,6.289,-5.007,46.0,8.0,-5.0,,7,1,1,1,0
22:38:25,MOVE,44.951,6.551,-5.009,46.0,8.0,-5.0,,7,1,1,1,0
22:38:25,MOVE,45.18,6.834,-5.01,46.0,8.0,-5.0,,7,1,1,1,0
22:38:25,MOVE,45.376,7.084,-5.01,46.0,8.0,-5.0,,7,1,1,1,0
22:38:25,MOVE,45.515,7.268,-5.008,46.0,8.0,-5.0,,7,1,1,1,0
22:38:25,MOVE,45.646,7.447,-5.006,46.0,8.0,-5.0,,7,1,1,1,0
22:38:25,MOVE,45.773,7.629,-5.003,50.0,0.0,-5.0,,8,1,1,1,0
22:38:26,MOVE,45.859,7.759,-4.999,50.0,0.0,-5.0,,8,1,1,1,0
22:38:26,MOVE,45.95,7.883,-4.998,50.0,0.0,-5.0,,8,1,1,1,0
22:38:26,MOVE,46.051,7.95,-5.003,50.0,0.0,-5.0,,8,1,1,1,0
22:38:26,MOVE,46.164,7.956,-5.003,50.0,0.0,-5.0,,8,1,1,1,0
22:38:26,MOVE,46.35,7.882,-4.985,50.0,0.0,-5.0,,8,1,1,1,0
22:38:26,MOVE,46.536,7.741,-4.954,50.0,0.0,-5.0,,8,1,1,1,0
22:38:26,MOVE,46.719,7.552,-4.919,50.0,0.0,-5.0,,8,1,1,1,0
22:38:26,MOVE,46.929,7.284,-4.884,50.0,0.0,-5.0,,8,1,1,1,0
22:38:26,MOVE,47.143,6.964,-4.856,50.0,0.0,-5.0,,8,1,1,1,0
22:38:26,MOVE,47.34,6.635,-4.839,50.0,0.0,-5.0,,8,1,1,1,0
22:38:27,MOVE,47.536,6.276,-4.828,50.0,0.0,-5.0,,8,1,1,1,0
22:38:27,MOVE,47.767,5.813,-4.82,50.0,0.0,-5.0,,8,1,1,1,0
22:38:27,MOVE,47.953,5.404,-4.828,50.0,0.0,-5.0,,8,1,1,1,0
22:38:27,MOVE,48.13,4.987,-4.846,50.0,0.0,-5.0,,8,1,1,1,0
22:38:27,MOVE,48.298,4.571,-4.872,50.0,0.0,-5.0,,8,1,1,1,0
22:38:27,MOVE,48.457,4.165,-4.902,50.0,0.0,-5.0,,8,1,1,1,0
22:38:27,MOVE,48.609,3.773,-4.935,50.0,0.0,-5.0,,8,1,1,1,0
22:38:27,MOVE,48.766,3.362,-4.972,50.0,0.0,-5.0,,8,1,1,1,0
22:38:27,MOVE,48.913,2.977,-5.008,50.0,0.0,-5.0,,8,1,1,1,0
22:38:27,MOVE,49.038,2.647,-5.037,50.0,0.0,-5.0,,8,1,1,1,0
22:38:28,MOVE,49.153,2.34,-5.061,50.0,0.0,-5.0,,8,1,1,1,0
22:38:28,MOVE,49.268,2.026,-5.081,50.0,0.0,-5.0,,8,1,1,1,0
22:38:28,MOVE,49.363,1.761,-5.093,50.0,0.0,-5.0,,8,1,1,1,0
22:38:28,MOVE,49.463,1.47,-5.099,50.0,0.0,-5.0,,8,1,1,1,0
22:38:28,MOVE,49.548,1.208,-5.099,50.0,0.0,-5.0,,8,1,1,1,0
22:38:28,MOVE,49.608,1.011,-5.095,50.0,0.0,-5.0,,8,1,1,1,0
22:38:28,MOVE,49.671,0.784,-5.088,50.0,0.0,-5.0,,8,1,1,1,0
22:38:28,MOVE,49.714,0.616,-5.081,50.0,0.0,-5.0,,8,1,1,1,0
22:38:28,LANDING,49.75,0.454,-5.074,50.0,0.0,-5.0,,9,1,1,1,0
