time,state,north,east,down,tgt_n,tgt_e,tgt_d,obstacle,wp_index,geocage,geofence,inside,caged,roll_deg,pitch_deg,yaw_deg,vn,ve,vd
15:33:51,MOVE,-0.023,0.073,-8.022,5.0,-13.0,-8.0,,0,1,1,1,0,-0.46,0.03,89.94,0.011,-0.051,0.003
15:33:51,MOVE,-0.025,0.075,-8.017,5.0,-13.0,-8.0,,0,1,1,1,0,-4.49,4.11,89.88,0.001,-0.045,0.13
15:33:51,MOVE,-0.023,0.072,-8.0,5.0,-13.0,-8.0,,0,1,1,1,0,-15.58,14.61,87.09,0.155,-0.195,0.19
15:33:52,MOVE,0.004,0.043,-7.976,5.0,-13.0,-8.0,,0,1,1,1,0,-20.97,22.13,81.88,0.433,-0.511,0.294
15:33:52,MOVE,0.064,-0.029,-7.941,5.0,-13.0,-8.0,,0,1,1,1,0,-18.64,23.86,76.52,0.702,-0.946,0.399
15:33:52,MOVE,0.157,-0.165,-7.892,5.0,-13.0,-8.0,,0,1,1,1,0,-12.87,20.42,71.24,0.859,-1.406,0.479
15:33:52,MOVE,0.243,-0.32,-7.844,5.0,-13.0,-8.0,,0,1,1,1,0,-10.04,15.85,64.81,0.89,-1.71,0.563
15:33:52,MOVE,0.333,-0.52,-7.782,5.0,-13.0,-8.0,,0,1,1,1,0,-10.38,11.34,56.13,0.883,-1.976,0.647
15:33:52,MOVE,0.412,-0.725,-7.719,5.0,-13.0,-8.0,,0,1,1,1,0,-12.29,7.94,47.38,0.887,-2.188,0.703
15:33:52,MOVE,0.489,-0.946,-7.651,5.0,-13.0,-8.0,,0,1,1,1,0,-14.68,4.61,37.01,0.92,-2.391,0.741
15:33:52,MOVE,0.586,-1.227,-7.569,5.0,-13.0,-8.0,,0,1,1,1,0,-16.47,1.04,25.11,0.994,-2.637,0.776
15:33:52,MOVE,0.668,-1.457,-7.503,5.0,-13.0,-8.0,,0,1,1,1,0,-16.97,-2.26,14.21,1.069,-2.83,0.801
15:33:52,MOVE,0.759,-1.702,-7.436,5.0,-13.0,-8.0,,0,1,1,1,0,-16.51,-5.39,3.8,1.152,-3.025,0.827
15:33:53,MOVE,0.88,-2.014,-7.353,5.0,-13.0,-8.0,,0,1,1,1,0,-14.96,-8.97,-9.01,1.261,-3.256,0.859
15:33:53,MOVE,1.002,-2.318,-7.276,5.0,-13.0,-8.0,,0,1,1,1,0,-12.63,-12.12,-22.12,1.372,-3.489,0.81
15:33:53,MOVE,1.137,-2.645,-7.211,5.0,-13.0,-8.0,,0,1,1,1,0,-9.73,-14.67,-35.44,1.494,-3.76,0.635
15:33:53,MOVE,1.283,-2.994,-7.159,5.0,-13.0,-8.0,,0,1,1,1,0,-6.68,-16.18,-47.63,1.596,-3.999,0.581
15:33:53,MOVE,1.438,-3.363,-7.111,5.0,-13.0,-8.0,,0,1,1,1,0,-3.6,-16.92,-59.25,1.683,-4.218,0.588
15:33:53,MOVE,1.6,-3.75,-7.061,5.0,-13.0,-8.0,,0,1,1,1,0,-0.74,-17.12,-69.97,1.759,-4.431,0.597
15:33:53,MOVE,1.767,-4.156,-7.01,5.0,-13.0,-8.0,,0,1,1,1,0,1.61,-16.98,-78.81,1.825,-4.639,0.607
15:33:53,MOVE,1.921,-4.54,-6.962,5.0,-13.0,-8.0,,0,1,1,1,0,3.31,-16.7,-85.32,1.879,-4.826,0.618
15:33:53,MOVE,2.094,-4.978,-6.908,5.0,-13.0,-8.0,,0,1,1,1,0,5.04,-16.25,-92.03,1.931,-5.028,0.631
15:33:53,MOVE,2.27,-5.434,-6.852,5.0,-13.0,-8.0,,0,1,1,1,0,6.2,-15.85,-96.52,1.979,-5.227,0.645
15:33:54,MOVE,2.432,-5.863,-6.798,5.0,-13.0,-8.0,,0,1,1,1,0,6.66,-14.85,-99.43,2.02,-5.401,0.689
15:33:54,MOVE,2.596,-6.305,-6.739,5.0,-13.0,-8.0,,0,1,1,1,0,5.36,-10.49,-101.23,2.052,-5.546,0.74
15:33:54,MOVE,2.793,-6.846,-6.665,5.0,-13.0,-8.0,,0,1,1,1,0,2.46,-3.91,-101.75,2.07,-5.627,0.745
15:33:54,MOVE,2.94,-7.252,-6.611,5.0,-13.0,-8.0,,0,1,1,1,0,-0.44,1.55,-101.51,2.061,-5.599,0.723
15:33:54,MOVE,3.116,-7.738,-6.547,5.0,-13.0,-8.0,,0,1,1,1,0,-3.94,7.37,-100.31,2.017,-5.464,0.7
15:33:54,MOVE,3.285,-8.203,-6.486,5.0,-13.0,-8.0,,0,1,1,1,0,-6.34,11.59,-98.01,1.938,-5.247,0.701
15:33:54,MOVE,3.43,-8.601,-6.431,5.0,-13.0,-8.0,,0,1,1,1,0,-7.1,14.11,-94.96,1.839,-4.995,0.704
15:33:54,MOVE,3.564,-8.973,-6.376,5.0,-13.0,-8.0,,0,1,1,1,0,-6.48,15.67,-90.6,1.723,-4.702,0.66
15:33:54,MOVE,3.687,-9.315,-6.329,5.0,-13.0,-8.0,,0,1,1,1,0,-5.08,16.46,-85.91,1.597,-4.378,0.549
15:33:54,MOVE,3.817,-9.684,-6.289,5.0,-13.0,-8.0,,0,1,1,1,0,-3.22,16.89,-80.43,1.441,-3.962,0.349
15:33:55,MOVE,3.93,-10.009,-6.269,5.0,-13.0,-8.0,,0,1,1,1,0,-1.42,17.11,-74.93,1.296,-3.563,0.214
15:33:55,MOVE,4.02,-10.272,-6.263,5.0,-13.0,-8.0,,0,1,1,1,0,-0.11,16.72,-70.85,1.17,-3.215,0.141
15:33:55,MOVE,4.105,-10.523,-6.262,5.0,-13.0,-8.0,,0,1,1,1,0,0.93,15.73,-67.6,1.042,-2.861,0.096
15:33:55,MOVE,4.172,-10.726,-6.264,5.0,-13.0,-8.0,,0,1,1,1,0,1.54,14.52,-65.53,0.936,-2.56,0.064
15:33:55,MOVE,4.235,-10.922,-6.269,5.0,-13.0,-8.0,,0,1,1,1,0,1.78,13.06,-64.32,0.829,-2.257,0.016
15:33:55,MOVE,4.281,-11.066,-6.276,5.0,-13.0,-8.0,,0,1,1,1,0,1.71,11.85,-64.12,0.746,-2.023,-0.048
15:33:55,MOVE,4.333,-11.233,-6.296,5.0,-13.0,-8.0,,0,1,1,1,0,1.44,10.27,-64.61,0.646,-1.746,-0.175
15:33:55,MOVE,4.374,-11.369,-6.328,5.0,-13.0,-8.0,,0,1,1,1,0,1.12,8.68,-65.68,0.565,-1.519,-0.343
15:33:55,MOVE,4.411,-11.49,-6.381,5.0,-13.0,-8.0,,0,1,1,1,0,0.86,7.28,-66.93,0.495,-1.32,-0.564
15:33:55,MOVE,4.444,-11.599,-6.459,5.0,-13.0,-8.0,,0,1,1,1,0,0.64,5.92,-68.34,0.435,-1.152,-0.828
15:33:56,MOVE,4.469,-11.684,-6.545,5.0,-13.0,-8.0,,0,1,1,1,0,0.52,5.03,-69.36,0.394,-1.037,-1.039
15:33:56,MOVE,4.499,-11.787,-6.683,5.0,-13.0,-8.0,,0,1,1,1,0,0.43,4.35,-70.38,0.35,-0.915,-1.28
15:33:56,MOVE,4.525,-11.879,-6.828,5.0,-13.0,-8.0,,0,1,1,1,0,0.43,4.27,-71.04,0.317,-0.828,-1.367
15:33:56,MOVE,4.547,-11.961,-6.961,5.0,-13.0,-8.0,,0,1,1,1,0,0.49,4.54,-71.32,0.29,-0.759,-1.328
15:33:56,MOVE,4.572,-12.055,-7.106,5.0,-13.0,-8.0,,0,1,1,1,0,0.61,4.85,-71.3,0.261,-0.681,-1.213
15:33:56,MOVE,4.593,-12.13,-7.214,5.0,-13.0,-8.0,,0,1,1,1,0,0.72,5.0,-70.99,0.239,-0.617,-1.092
15:33:56,MOVE,4.614,-12.21,-7.315,5.0,-13.0,-8.0,,0,1,1,1,0,0.83,5.02,-70.41,0.218,-0.547,-0.959
15:33:56,MOVE,4.637,-12.29,-7.408,5.0,-13.0,-8.0,,0,1,1,1,0,0.94,4.96,-69.51,0.196,-0.473,-0.826
15:33:56,MOVE,4.653,-12.347,-7.469,5.0,-13.0,-8.0,,0,1,1,1,0,1.03,4.85,-68.57,0.181,-0.416,-0.734
15:33:56,MOVE,4.676,-12.421,-7.542,5.0,-13.0,-8.0,,0,1,1,1,0,1.12,4.69,-67.36,0.162,-0.339,-0.623
15:33:57,MOVE,4.694,-12.473,-7.591,5.0,-13.0,-8.0,,0,1,1,1,0,1.18,4.52,-66.04,0.148,-0.279,-0.548
15:33:57,MOVE,4.717,-12.533,-7.644,5.0,-13.0,-8.0,,0,1,1,1,0,1.22,4.33,-64.65,0.132,-0.207,-0.468
15:33:57,MOVE,4.733,-12.571,-7.677,15.0,-13.0,-8.0,,1,1,1,1,0,1.23,4.17,-63.51,0.122,-0.157,-0.418
15:33:57,MOVE,4.751,-12.611,-7.709,15.0,-13.0,-8.0,,1,1,1,1,0,6.22,-1.3,-62.41,0.102,-0.104,-0.303
15:33:57,MOVE,4.782,-12.653,-7.734,15.0,-13.0,-8.0,,1,1,1,1,0,19.9,-13.28,-62.53,0.351,-0.134,-0.194
15:33:57,MOVE,4.847,-12.696,-7.735,15.0,-13.0,-8.0,,1,1,1,1,0,27.08,-18.0,-59.86,0.743,-0.176,0.083
15:33:57,MOVE,4.973,-12.747,-7.704,15.0,-13.0,-8.0,,1,1,1,1,0,23.2,-16.36,-52.3,1.225,-0.176,0.333
15:33:57,MOVE,5.126,-12.789,-7.663,15.0,-13.0,-8.0,,1,1,1,1,0,16.9,-14.54,-44.62,1.603,-0.151,0.38
15:33:57,MOVE,5.352,-12.833,-7.613,15.0,-13.0,-8.0,,1,1,1,1,0,11.41,-14.58,-35.3,1.969,-0.139,0.387
15:33:57,MOVE,5.574,-12.869,-7.576,15.0,-13.0,-8.0,,1,1,1,1,0,8.61,-15.45,-27.09,2.286,-0.14,0.273
15:33:58,MOVE,5.802,-12.902,-7.558,15.0,-13.0,-8.0,,1,1,1,1,0,6.77,-16.28,-19.71,2.589,-0.138,0.101
15:33:58,MOVE,6.079,-12.937,-7.553,15.0,-13.0,-8.0,,1,1,1,1,0,4.94,-16.87,-11.79,2.894,-0.129,-0.005
15:33:58,MOVE,6.438,-12.976,-7.558,15.0,-13.0,-8.0,,1,1,1,1,0,3.24,-17.13,-4.43,3.215,-0.11,-0.035
15:33:58,MOVE,6.763,-13.006,-7.563,15.0,-13.0,-8.0,,1,1,1,1,0,2.09,-17.2,0.71,3.467,-0.087,-0.024
15:33:58,MOVE,7.043,-13.027,-7.565,15.0,-13.0,-8.0,,1,1,1,1,0,1.35,-17.22,4.27,3.666,-0.064,-0.014
15:33:58,MOVE,7.434,-13.051,-7.567,15.0,-13.0,-8.0,,1,1,1,1,0,0.89,-17.22,6.99,3.924,-0.027,-0.001
15:33:58,MOVE,7.811,-13.067,-7.568,15.0,-13.0,-8.0,,1,1,1,1,0,0.84,-17.2,8.55,4.154,0.015,0.007
15:33:58,MOVE,8.169,-13.076,-7.568,15.0,-13.0,-8.0,,1,1,1,1,0,1.13,-17.18,8.93,4.365,0.061,-0.008
15:33:58,MOVE,8.618,-13.079,-7.571,15.0,-13.0,-8.0,,1,1,1,1,0,1.9,-16.49,8.47,4.617,0.127,-0.041
15:33:58,MOVE,9.008,-13.074,-7.577,15.0,-13.0,-8.0,,1,1,1,1,0,2.55,-13.57,7.57,4.807,0.19,-0.105
15:33:59,MOVE,9.409,-13.062,-7.592,15.0,-13.0,-8.0,,1,1,1,1,0,2.85,-9.15,6.42,4.945,0.254,-0.238
15:33:59,MOVE,9.858,-13.042,-7.624,15.0,-13.0,-8.0,,1,1,1,1,0,2.72,-3.9,4.95,5.011,0.315,-0.428
15:33:59,MOVE,10.305,-13.015,-7.673,15.0,-13.0,-8.0,,1,1,1,1,0,2.23,1.1,3.26,4.983,0.356,-0.531
15:33:59,MOVE,10.702,-12.988,-7.723,15.0,-13.0,-8.0,,1,1,1,1,0,1.68,4.68,1.77,4.896,0.379,-0.551
15:33:59,MOVE,11.124,-12.956,-7.777,15.0,-13.0,-8.0,,1,1,1,1,0,1.01,7.83,0.2,4.75,0.393,-0.528
15:33:59,MOVE,11.489,-12.926,-7.822,15.0,-13.0,-8.0,,1,1,1,1,0,0.41,9.99,-1.0,4.581,0.4,-0.487
15:33:59,MOVE,11.901,-12.889,-7.87,15.0,-13.0,-8.0,,1,1,1,1,0,-0.36,12.12,-2.27,4.342,0.4,-0.427
15:33:59,MOVE,12.252,-12.857,-7.907,15.0,-13.0,-8.0,,1,1,1,1,0,-1.01,13.54,-3.15,4.095,0.393,-0.372
15:33:59,MOVE,12.548,-12.828,-7.936,15.0,-13.0,-8.0,,1,1,1,1,0,-1.49,14.45,-3.74,3.852,0.382,-0.323
15:33:59,MOVE,12.848,-12.798,-7.962,15.0,-13.0,-8.0,,1,1,1,1,0,-1.92,15.1,-4.21,3.573,0.366,-0.274
15:34:00,MOVE,13.12,-12.77,-7.984,15.0,-13.0,-8.0,,1,1,1,1,0,-2.22,15.39,-4.51,3.285,0.345,-0.231
15:34:00,MOVE,13.407,-12.74,-8.004,15.0,-13.0,-8.0,,1,1,1,1,0,-2.46,15.39,-4.79,2.942,0.318,-0.186
15:34:00,MOVE,13.604,-12.72,-8.017,15.0,-13.0,-8.0,,1,1,1,1,0,-2.59,15.18,-5.06,2.68,0.295,-0.156
15:34:00,MOVE,13.796,-12.7,-8.029,15.0,-13.0,-8.0,,1,1,1,1,0,-2.71,14.75,-5.5,2.399,0.268,-0.129
15:34:00,MOVE,13.992,-12.681,-8.04,15.0,-13.0,-8.0,,1,1,1,1,0,-2.86,14.08,-6.27,2.079,0.236,-0.101
15:34:00,MOVE,14.147,-12.667,-8.048,15.0,-13.0,-8.0,,1,1,1,1,0,-3.02,13.23,-7.44,1.8,0.206,-0.079
15:34:00,MOVE,14.268,-12.656,-8.054,15.0,-13.0,-8.0,,1,1,1,1,0,-3.17,12.37,-8.88,1.56,0.18,-0.063
15:34:00,MOVE,14.388,-12.646,-8.059,15.0,-13.0,-8.0,,1,1,1,1,0,-3.39,11.3,-11.05,1.298,0.152,-0.048
15:34:00,MOVE,14.479,-12.638,-8.063,15.0,-13.0,-8.0,,1,1,1,1,0,-3.66,10.16,-13.83,1.077,0.129,-0.035
15:34:00,MOVE,14.542,-12.633,-8.066,15.0,0.0,-8.0,,2,1,1,1,0,-3.87,9.21,-16.5,0.91,0.111,-0.027
15:34:01,MOVE,14.609,-12.628,-8.067,15.0,0.0,-8.0,,2,1,1,1,0,1.2,6.29,-20.19,0.718,0.081,0.032
15:34:01,MOVE,14.662,-12.62,-8.059,15.0,0.0,-8.0,,2,1,1,1,0,17.77,3.77,-23.06,0.693,0.214,0.157
15:34:01,MOVE,14.736,-12.579,-8.027,15.0,0.0,-8.0,,2,1,1,1,0,28.37,7.67,-22.11,0.763,0.605,0.403
15:34:01,MOVE,14.812,-12.493,-7.976,15.0,0.0,-8.0,,2,1,1,1,0,25.9,10.76,-19.01,0.775,1.064,0.554
15:34:01,MOVE,14.879,-12.381,-7.925,15.0,0.0,-8.0,,2,1,1,1,0,20.95,10.58,-16.67,0.727,1.423,0.598
15:34:01,MOVE,14.961,-12.188,-7.854,15.0,0.0,-8.0,,2,1,1,1,0,16.58,8.03,-13.17,0.646,1.775,0.666
15:34:01,MOVE,15.025,-11.996,-7.789,15.0,0.0,-8.0,,2,1,1,1,0,15.27,5.12,-8.7,0.595,2.013,0.729
15:34:01,MOVE,15.08,-11.804,-7.725,15.0,0.0,-8.0,,2,1,1,1,0,15.48,2.87,-3.72,0.564,2.216,0.779
15:34:01,MOVE,15.15,-11.531,-7.636,15.0,0.0,-8.0,,2,1,1,1,0,16.27,0.41,3.85,0.537,2.485,0.83
15:34:01,MOVE,15.208,-11.28,-7.557,15.0,0.0,-8.0,,2,1,1,1,0,16.71,-1.85,12.01,0.514,2.72,0.864
15:34:02,MOVE,15.264,-11.011,-7.475,15.0,0.0,-8.0,,2,1,1,1,0,16.58,-4.21,20.84,0.487,2.957,0.895
15:34:02,MOVE,15.312,-10.749,-7.399,15.0,0.0,-8.0,,2,1,1,1,0,15.93,-6.54,29.7,0.46,3.172,0.923
15:34:02,MOVE,15.363,-10.443,-7.312,15.0,0.0,-8.0,,2,1,1,1,0,14.54,-9.31,40.9,0.428,3.406,0.95
15:34:02,MOVE,15.413,-10.086,-7.22,15.0,0.0,-8.0,,2,1,1,1,0,12.7,-11.86,52.36,0.38,3.694,0.862
15:34:02,MOVE,15.45,-9.766,-7.156,15.0,0.0,-8.0,,2,1,1,1,0,10.73,-13.85,62.78,0.327,3.959,0.701
15:34:02,MOVE,15.486,-9.392,-7.098,15.0,0.0,-8.0,,2,1,1,1,0,8.28,-15.36,74.07,0.266,4.213,0.645
15:34:02,MOVE,15.515,-8.997,-7.043,15.0,0.0,-8.0,,2,1,1,1,0,6.11,-16.18,83.62,0.2,4.441,0.653
15:34:02,MOVE,15.534,-8.621,-6.993,15.0,0.0,-8.0,,2,1,1,1,0,4.5,-16.6,90.79,0.133,4.64,0.66
15:34:02,MOVE,15.548,-8.191,-6.936,15.0,0.0,-8.0,,2,1,1,1,0,2.96,-16.87,98.12,0.053,4.851,0.666
15:34:02,MOVE,15.553,-7.745,-6.879,15.0,0.0,-8.0,,2,1,1,1,0,2.03,-16.96,103.53,-0.036,5.054,0.672
15:34:03,MOVE,15.549,-7.282,-6.821,15.0,0.0,-8.0,,2,1,1,1,0,1.68,-16.94,107.9,-0.136,5.249,0.678
15:34:03,MOVE,15.536,-6.848,-6.767,15.0,0.0,-8.0,,2,1,1,1,0,2.14,-16.51,110.75,-0.237,5.412,0.706
15:34:03,MOVE,15.513,-6.403,-6.708,15.0,0.0,-8.0,,2,1,1,1,0,3.25,-13.46,112.67,-0.346,5.541,0.77
15:34:03,MOVE,15.475,-5.907,-6.638,15.0,0.0,-8.0,,2,1,1,1,0,4.42,-6.91,113.88,-0.465,5.609,0.801
15:34:03,MOVE,15.431,-5.455,-6.574,15.0,0.0,-8.0,,2,1,1,1,0,5.11,-0.37,114.04,-0.552,5.582,0.791
15:34:03,MOVE,15.374,-4.969,-6.505,15.0,0.0,-8.0,,2,1,1,1,0,5.53,6.21,113.14,-0.614,5.448,0.761
15:34:03,MOVE,15.319,-4.546,-6.446,15.0,0.0,-8.0,,2,1,1,1,0,5.49,10.99,111.26,-0.644,5.247,0.735
15:34:03,MOVE,15.263,-4.148,-6.392,15.0,0.0,-8.0,,2,1,1,1,0,4.88,14.35,108.46,-0.654,4.975,0.665
15:34:03,MOVE,15.209,-3.779,-6.346,15.0,0.0,-8.0,,2,1,1,1,0,3.63,16.13,105.03,-0.648,4.65,0.544
15:34:03,MOVE,15.147,-3.381,-6.309,15.0,0.0,-8.0,,2,1,1,1,0,1.81,16.7,100.79,-0.62,4.218,0.329
15:34:04,MOVE,15.093,-3.031,-6.297,15.0,0.0,-8.0,,2,1,1,1,0,-0.07,15.77,96.38,-0.577,3.797,0.12
15:34:04,MOVE,15.049,-2.748,-6.303,15.0,0.0,-8.0,,2,1,1,1,0,-1.27,14.63,93.01,-0.529,3.452,-0.018
15:34:04,MOVE,15.016,-2.517,-6.319,15.0,0.0,-8.0,,2,1,1,1,0,-1.94,13.77,90.46,-0.484,3.163,-0.123
15:34:04,MOVE,14.982,-2.268,-6.349,15.0,0.0,-8.0,,2,1,1,1,0,-2.31,12.86,88.2,-0.429,2.838,-0.24
15:34:04,MOVE,14.955,-2.046,-6.39,15.0,0.0,-8.0,,2,1,1,1,0,-2.37,11.77,86.57,-0.378,2.534,-0.365
15:34:04,MOVE,14.937,-1.881,-6.433,15.0,0.0,-8.0,,2,1,1,1,0,-2.26,10.82,85.8,-0.34,2.297,-0.486
15:34:04,MOVE,14.917,-1.688,-6.504,15.0,0.0,-8.0,,2,1,1,1,0,-1.97,9.56,85.38,-0.296,2.015,-0.672
15:34:04,MOVE,14.903,-1.542,-6.581,15.0,0.0,-8.0,,2,1,1,1,0,-1.69,8.49,85.37,-0.265,1.801,-0.861
15:34:04,MOVE,14.892,-1.421,-6.666,15.0,0.0,-8.0,,2,1,1,1,0,-1.39,7.36,85.56,-0.241,1.625,-1.058
15:34:04,MOVE,14.881,-1.3,-6.779,15.0,0.0,-8.0,,2,1,1,1,0,-1.19,6.66,85.79,-0.219,1.459,-1.251
15:34:05,MOVE,14.868,-1.166,-6.926,15.0,0.0,-8.0,,2,1,1,1,0,-1.08,6.46,86.06,-0.2,1.304,-1.297
15:34:05,MOVE,14.858,-1.061,-7.048,15.0,0.0,-8.0,,2,1,1,1,0,-1.09,6.66,86.17,-0.187,1.187,-1.238
15:34:05,MOVE,14.847,-0.953,-7.169,15.0,0.0,-8.0,,2,1,1,1,0,-1.15,6.84,86.1,-0.173,1.066,-1.13
15:34:05,MOVE,14.838,-0.869,-7.259,15.0,0.0,-8.0,,2,1,1,1,0,-1.22,6.84,85.85,-0.162,0.969,-1.027
15:34:05,MOVE,14.827,-0.768,-7.36,15.0,0.0,-8.0,,2,1,1,1,0,-1.31,6.68,85.26,-0.149,0.847,-0.894
15:34:05,MOVE,14.816,-0.682,-7.438,15.0,0.0,-8.0,,2,1,1,1,0,-1.45,6.41,84.34,-0.138,0.739,-0.781
15:34:05,MOVE,14.806,-0.61,-7.5,15.0,0.0,-8.0,,2,1,1,1,0,-1.59,6.12,83.19,-0.126,0.645,-0.689
15:34:05,MOVE,14.795,-0.532,-7.561,15.0,0.0,-8.0,,2,1,1,1,0,-1.77,5.78,81.59,-0.114,0.539,-0.596
15:34:05,MOVE,14.784,-0.462,-7.612,15.0,0.0,-8.0,,2,1,1,1,0,-1.97,5.41,79.61,-0.101,0.44,-0.516
15:34:05,MOVE,14.773,-0.405,-7.652,24.0,0.0,-8.0,,3,1,1,1,0,-2.18,5.01,77.24,-0.09,0.354,-0.455
15:34:06,MOVE,14.762,-0.351,-7.685,24.0,0.0,-8.0,,3,1,1,1,0,-8.28,0.0,74.96,-0.079,0.276,-0.333
15:34:06,MOVE,14.761,-0.308,-7.705,24.0,0.0,-8.0,,3,1,1,1,0,-21.33,-8.44,73.77,0.137,0.292,-0.242
15:34:06,MOVE,14.794,-0.255,-7.709,24.0,0.0,-8.0,,3,1,1,1,0,-29.68,-12.59,70.12,0.523,0.329,0.017
15:34:06,MOVE,14.883,-0.193,-7.682,24.0,0.0,-8.0,,3,1,1,1,0,-26.67,-12.33,61.63,1.005,0.321,0.28
15:34:06,MOVE,15.018,-0.137,-7.64,24.0,0.0,-8.0,,3,1,1,1,0,-18.94,-11.69,52.07,1.417,0.28,0.343
15:34:06,MOVE,15.163,-0.093,-7.603,24.0,0.0,-8.0,,3,1,1,1,0,-14.12,-12.51,44.18,1.687,0.263,0.381
15:34:06,MOVE,15.384,-0.038,-7.555,24.0,0.0,-8.0,,3,1,1,1,0,-10.33,-14.15,33.56,2.02,0.263,0.353
15:34:06,MOVE,15.6,0.01,-7.525,24.0,0.0,-8.0,,3,1,1,1,0,-8.08,-15.55,23.55,2.339,0.259,0.184
15:34:06,MOVE,15.843,0.056,-7.512,24.0,0.0,-8.0,,3,1,1,1,0,-6.19,-16.49,14.42,2.645,0.243,0.054
15:34:06,MOVE,16.087,0.096,-7.51,24.0,0.0,-8.0,,3,1,1,1,0,-4.58,-16.96,6.96,2.892,0.221,0.025
15:34:07,MOVE,16.43,0.145,-7.51,24.0,0.0,-8.0,,3,1,1,1,0,-2.93,-17.22,-0.57,3.186,0.184,0.043
15:34:07,MOVE,16.741,0.181,-7.508,24.0,0.0,-8.0,,3,1,1,1,0,-1.69,-17.32,-6.47,3.424,0.144,0.061
15:34:07,MOVE,17.069,0.211,-7.504,24.0,0.0,-8.0,,3,1,1,1,0,-0.98,-17.34,-10.49,3.655,0.097,0.078
15:34:07,MOVE,17.384,0.234,-7.498,24.0,0.0,-8.0,,3,1,1,1,0,-0.73,-17.32,-13.02,3.859,0.046,0.094
15:34:07,MOVE,17.779,0.251,-7.489,24.0,0.0,-8.0,,3,1,1,1,0,-0.98,-17.28,-14.64,4.097,-0.026,0.112
15:34:07,MOVE,18.157,0.258,-7.479,24.0,0.0,-8.0,,3,1,1,1,0,-1.81,-16.67,-14.96,4.303,-0.105,0.143
15:34:07,MOVE,18.515,0.256,-7.467,24.0,0.0,-8.0,,3,1,1,1,0,-2.71,-14.04,-14.48,4.472,-0.188,0.14
15:34:07,MOVE,18.918,0.242,-7.457,24.0,0.0,-8.0,,3,1,1,1,0,-3.35,-9.18,-13.31,4.607,-0.282,0.059
15:34:07,MOVE,19.327,0.218,-7.459,24.0,0.0,-8.0,,3,1,1,1,0,-3.42,-4.11,-11.72,4.662,-0.366,-0.102
15:34:07,MOVE,19.697,0.189,-7.477,24.0,0.0,-8.0,,3,1,1,1,0,-3.13,-0.04,-9.98,4.636,-0.425,-0.304
15:34:08,MOVE,20.129,0.15,-7.523,24.0,0.0,-8.0,,3,1,1,1,0,-2.56,3.75,-7.8,4.527,-0.469,-0.503
15:34:08,MOVE,20.507,0.111,-7.579,24.0,0.0,-8.0,,3,1,1,1,0,-1.93,6.66,-5.72,4.379,-0.488,-0.565
15:34:08,MOVE,20.833,0.075,-7.633,24.0,0.0,-8.0,,3,1,1,1,0,-1.34,8.81,-3.96,4.214,-0.494,-0.562
15:34:08,MOVE,21.11,0.043,-7.679,24.0,0.0,-8.0,,3,1,1,1,0,-0.75,10.5,-2.41,4.046,-0.492,-0.534
15:34:08,MOVE,21.457,0.001,-7.735,24.0,0.0,-8.0,,3,1,1,1,0,-0.1,11.94,-0.95,3.8,-0.484,-0.479
15:34:08,MOVE,21.749,-0.036,-7.778,24.0,0.0,-8.0,,3,1,1,1,0,0.47,12.87,0.11,3.557,-0.47,-0.421
15:34:08,MOVE,21.993,-0.068,-7.811,24.0,0.0,-8.0,,3,1,1,1,0,0.9,13.4,0.81,3.327,-0.454,-0.37
15:34:08,MOVE,22.283,-0.108,-7.847,24.0,0.0,-8.0,,3,1,1,1,0,1.31,13.7,1.39,3.02,-0.429,-0.31
15:34:08,MOVE,22.502,-0.139,-7.872,24.0,0.0,-8.0,,3,1,1,1,0,1.58,13.7,1.72,2.758,-0.406,-0.265
15:34:08,MOVE,22.697,-0.169,-7.893,24.0,0.0,-8.0,,3,1,1,1,0,1.79,13.48,1.99,2.498,-0.381,-0.226
15:34:09,MOVE,22.899,-0.202,-7.914,24.0,0.0,-8.0,,3,1,1,1,0,1.98,13.03,2.33,2.2,-0.351,-0.187
15:34:09,MOVE,23.035,-0.225,-7.926,24.0,0.0,-8.0,,3,1,1,1,0,2.14,12.54,2.76,1.978,-0.326,-0.162
15:34:09,MOVE,23.178,-0.249,-7.938,24.0,0.0,-8.0,,3,1,1,1,0,2.35,11.78,3.6,1.725,-0.297,-0.138
15:34:09,MOVE,23.308,-0.273,-7.949,24.0,0.0,-8.0,,3,1,1,1,0,2.6,10.9,4.9,1.468,-0.264,-0.117
15:34:09,MOVE,23.402,-0.29,-7.956,24.0,0.0,-8.0,,3,1,1,1,0,2.84,10.06,6.51,1.268,-0.237,-0.103
15:34:09,MOVE,23.489,-0.305,-7.964,32.0,0.0,-8.0,,4,1,1,1,0,3.12,9.04,8.94,1.067,-0.207,-0.092
15:34:09,MOVE,23.565,-0.318,-7.973,32.0,0.0,-8.0,,4,1,1,1,0,1.8,-1.56,11.56,0.875,-0.168,-0.207
15:34:09,MOVE,23.645,-0.326,-8.006,32.0,0.0,-8.0,,4,1,1,1,0,-3.02,-23.65,14.09,1.096,-0.111,-0.336
15:34:09,MOVE,23.738,-0.328,-8.029,32.0,0.0,-8.0,,4,1,1,1,0,-7.03,-36.66,16.38,1.457,-0.07,-0.134
15:34:09,MOVE,23.925,-0.325,-8.027,32.0,0.0,-8.0,,4,1,1,1,0,-8.83,-40.2,16.68,2.043,-0.019,0.197
15:34:10,MOVE,24.125,-0.32,-8.001,32.0,0.0,-8.0,,4,1,1,1,0,-7.72,-35.9,14.64,2.541,0.008,0.372
15:34:10,MOVE,24.456,-0.313,-7.952,32.0,0.0,-8.0,,4,1,1,1,0,-5.22,-27.04,11.16,3.161,0.019,0.39
15:34:10,MOVE,24.792,-0.309,-7.921,32.0,0.0,-8.0,,4,1,1,1,0,-3.48,-21.69,8.4,3.619,0.013,0.174
15:34:10,MOVE,25.173,-0.307,-7.916,32.0,0.0,-8.0,,4,1,1,1,0,-2.53,-22.07,5.98,4.037,0.005,-0.06
15:34:10,MOVE,25.549,-0.306,-7.927,32.0,0.0,-8.0,,4,1,1,1,0,-1.64,-21.1,3.93,4.374,-0.002,-0.125
15:34:10,MOVE,26.031,-0.309,-7.944,32.0,0.0,-8.0,,4,1,1,1,0,-0.53,-16.81,1.83,4.691,-0.009,-0.124
15:34:10,MOVE,26.45,-0.312,-7.958,32.0,0.0,-8.0,,4,1,1,1,0,0.21,-11.82,0.45,4.872,-0.012,-0.113
15:34:10,MOVE,26.877,-0.316,-7.97,32.0,0.0,-8.0,,4,1,1,1,0,0.62,-6.74,-0.49,4.974,-0.011,-0.103
15:34:10,MOVE,27.346,-0.321,-7.981,32.0,0.0,-8.0,,4,1,1,1,0,0.73,-1.66,-1.04,5.002,-0.007,-0.093
15:34:10,MOVE,27.764,-0.326,-7.99,32.0,0.0,-8.0,,4,1,1,1,0,0.68,2.34,-1.17,4.96,-0.003,-0.085
15:34:11,MOVE,28.21,-0.331,-8.0,32.0,0.0,-8.0,,4,1,1,1,0,0.63,6.15,-0.91,4.849,0.003,-0.076
15:34:11,MOVE,28.598,-0.335,-8.007,32.0,0.0,-8.0,,4,1,1,1,0,0.68,8.96,-0.36,4.701,0.008,-0.068
15:34:11,MOVE,29.0,-0.339,-8.013,32.0,0.0,-8.0,,4,1,1,1,0,0.84,11.19,0.44,4.493,0.014,-0.058
15:34:11,MOVE,29.409,-0.342,-8.019,32.0,0.0,-8.0,,4,1,1,1,0,1.15,13.01,1.54,4.226,0.022,-0.047
15:34:11,MOVE,29.723,-0.344,-8.023,32.0,0.0,-8.0,,4,1,1,1,0,1.51,14.23,2.75,3.981,0.03,-0.039
15:34:11,MOVE,30.041,-0.344,-8.027,32.0,0.0,-8.0,,4,1,1,1,0,1.87,14.97,3.94,3.693,0.039,-0.03
15:34:11,MOVE,30.329,-0.342,-8.03,32.0,0.0,-8.0,,4,1,1,1,0,2.28,15.43,5.36,3.396,0.049,-0.021
15:34:11,MOVE,30.632,-0.338,-8.033,32.0,0.0,-8.0,,4,1,1,1,0,2.69,15.53,6.94,3.039,0.06,-0.011
15:34:11,MOVE,30.837,-0.333,-8.033,32.0,0.0,-8.0,,4,1,1,1,0,2.98,15.37,8.21,2.765,0.067,-0.004
15:34:11,MOVE,31.037,-0.326,-8.033,32.0,0.0,-8.0,,4,1,1,1,0,3.26,14.96,9.64,2.47,0.074,0.002
15:34:12,MOVE,31.226,-0.318,-8.032,32.0,0.0,-8.0,,4,1,1,1,0,3.52,14.27,11.35,2.159,0.08,0.008
15:34:12,MOVE,31.361,-0.31,-8.031,32.0,0.0,-8.0,,4,1,1,1,0,3.7,13.62,12.73,1.912,0.084,0.011
15:34:12,MOVE,31.511,-0.298,-8.03,36.0,8.0,-8.0,,5,1,1,1,0,3.89,12.58,14.82,1.61,0.088,0.014
15:34:12,MOVE,31.626,-0.288,-8.024,36.0,8.0,-8.0,,5,1,1,1,0,7.85,5.18,16.44,1.375,0.085,0.12
15:34:12,MOVE,31.73,-0.269,-8.009,36.0,8.0,-8.0,,5,1,1,1,0,16.54,-9.93,16.32,1.333,0.274,0.2
15:34:12,MOVE,31.845,-0.223,-7.976,36.0,8.0,-8.0,,5,1,1,1,0,20.33,-17.68,18.89,1.421,0.572,0.47
15:34:12,MOVE,31.992,-0.128,-7.911,36.0,8.0,-8.0,,5,1,1,1,0,16.15,-16.71,26.12,1.537,0.956,0.636
15:34:12,MOVE,32.121,-0.023,-7.853,36.0,8.0,-8.0,,5,1,1,1,0,12.05,-15.47,33.43,1.616,1.238,0.647
15:34:12,MOVE,32.274,0.123,-7.795,36.0,8.0,-8.0,,5,1,1,1,0,9.55,-15.38,39.84,1.703,1.545,0.544
15:34:12,MOVE,32.457,0.316,-7.75,36.0,8.0,-8.0,,5,1,1,1,0,7.33,-15.97,48.09,1.802,1.894,0.33
15:34:13,MOVE,32.652,0.544,-7.727,36.0,8.0,-8.0,,5,1,1,1,0,5.71,-16.49,55.41,1.888,2.22,0.188
15:34:13,MOVE,32.805,0.735,-7.718,36.0,8.0,-8.0,,5,1,1,1,0,4.63,-16.71,60.74,1.942,2.445,0.135
15:34:13,MOVE,33.015,1.012,-7.711,36.0,8.0,-8.0,,5,1,1,1,0,3.82,-16.83,65.38,1.999,2.729,0.107
15:34:13,MOVE,33.175,1.237,-7.707,36.0,8.0,-8.0,,5,1,1,1,0,3.36,-16.86,68.94,2.032,2.933,0.103
15:34:13,MOVE,33.392,1.556,-7.702,36.0,8.0,-8.0,,5,1,1,1,0,3.32,-16.83,71.61,2.063,3.201,0.098
15:34:13,MOVE,33.591,1.869,-7.698,36.0,8.0,-8.0,,5,1,1,1,0,3.76,-16.73,73.04,2.079,3.448,0.078
15:34:13,MOVE,33.771,2.171,-7.696,36.0,8.0,-8.0,,5,1,1,1,0,4.56,-16.52,73.49,2.079,3.675,0.038
15:34:13,MOVE,33.967,2.522,-7.698,36.0,8.0,-8.0,,5,1,1,1,0,5.74,-14.9,73.42,2.057,3.923,-0.016
15:34:13,MOVE,34.174,2.927,-7.709,36.0,8.0,-8.0,,5,1,1,1,0,6.34,-10.9,73.05,1.999,4.159,-0.142
15:34:13,MOVE,34.338,3.278,-7.731,36.0,8.0,-8.0,,5,1,1,1,0,6.25,-6.48,72.55,1.924,4.292,-0.291
15:34:14,MOVE,34.508,3.67,-7.767,36.0,8.0,-8.0,,5,1,1,1,0,5.67,-1.38,71.78,1.828,4.345,-0.389
15:34:14,MOVE,34.667,4.058,-7.809,36.0,8.0,-8.0,,5,1,1,1,0,4.99,2.76,70.88,1.726,4.317,-0.415
15:34:14,MOVE,34.8,4.401,-7.847,36.0,8.0,-8.0,,5,1,1,1,0,4.44,5.64,70.08,1.627,4.241,-0.402
15:34:14,MOVE,34.935,4.763,-7.886,36.0,8.0,-8.0,,5,1,1,1,0,3.77,8.41,69.2,1.513,4.113,-0.369
15:34:14,MOVE,35.058,5.107,-7.92,36.0,8.0,-8.0,,5,1,1,1,0,3.15,10.38,68.57,1.395,3.948,-0.328
15:34:14,MOVE,35.17,5.429,-7.95,36.0,8.0,-8.0,,5,1,1,1,0,2.54,11.95,68.14,1.276,3.752,-0.285
15:34:14,MOVE,35.261,5.703,-7.973,36.0,8.0,-8.0,,5,1,1,1,0,2.06,12.99,67.97,1.167,3.556,-0.246
15:34:14,MOVE,35.351,5.982,-7.994,36.0,8.0,-8.0,,5,1,1,1,0,1.62,13.76,68.02,1.049,3.323,-0.207
15:34:14,MOVE,35.43,6.238,-8.011,36.0,8.0,-8.0,,5,1,1,1,0,1.3,14.2,68.29,0.933,3.078,-0.171
15:34:14,MOVE,35.51,6.51,-8.028,36.0,8.0,-8.0,,5,1,1,1,0,1.06,14.33,68.79,0.802,2.783,-0.135
15:34:15,MOVE,35.557,6.679,-8.037,36.0,8.0,-8.0,,5,1,1,1,0,0.93,14.24,69.28,0.715,2.578,-0.112
15:34:15,MOVE,35.614,6.896,-8.047,36.0,8.0,-8.0,,5,1,1,1,0,0.8,13.89,69.93,0.595,2.284,-0.084
15:34:15,MOVE,35.653,7.058,-8.053,36.0,8.0,-8.0,,5,1,1,1,0,0.7,13.41,70.45,0.501,2.043,-0.064
15:34:15,MOVE,35.689,7.223,-8.057,36.0,8.0,-8.0,,5,1,1,1,0,0.55,12.72,70.91,0.398,1.771,-0.045
15:34:15,MOVE,35.709,7.333,-8.059,36.0,8.0,-8.0,,5,1,1,1,0,0.38,12.04,71.12,0.324,1.572,-0.033
15:34:15,MOVE,35.726,7.456,-8.06,36.0,8.0,-8.0,,5,1,1,1,0,0.11,11.14,71.07,0.237,1.331,-0.022
15:34:15,MOVE,35.733,7.552,-8.059,46.0,8.0,-8.0,,6,1,1,1,0,-0.23,10.2,70.61,0.166,1.126,-0.015
15:34:15,MOVE,35.735,7.639,-8.054,46.0,8.0,-8.0,,6,1,1,1,0,-5.09,4.83,69.97,0.097,0.941,0.095
15:34:15,MOVE,35.739,7.705,-8.04,46.0,8.0,-8.0,,6,1,1,1,0,-17.08,-5.55,70.28,0.239,0.883,0.171
15:34:15,MOVE,35.769,7.78,-8.008,46.0,8.0,-8.0,,6,1,1,1,0,-25.01,-10.37,68.53,0.548,0.875,0.423
15:34:16,MOVE,35.848,7.865,-7.946,46.0,8.0,-8.0,,6,1,1,1,0,-22.68,-9.52,62.16,0.958,0.832,0.61
15:34:16,MOVE,35.956,7.936,-7.882,46.0,8.0,-8.0,,6,1,1,1,0,-18.32,-9.22,55.85,1.283,0.773,0.646
15:34:16,MOVE,36.097,8.004,-7.817,46.0,8.0,-8.0,,6,1,1,1,0,-14.77,-10.32,48.71,1.556,0.727,0.678
15:34:16,MOVE,36.278,8.075,-7.744,46.0,8.0,-8.0,,6,1,1,1,0,-12.36,-12.02,40.64,1.828,0.692,0.715
15:34:16,MOVE,36.487,8.145,-7.67,46.0,8.0,-8.0,,6,1,1,1,0,-10.3,-13.86,30.79,2.114,0.66,0.693
15:34:16,MOVE,36.705,8.206,-7.612,46.0,8.0,-8.0,,6,1,1,1,0,-8.64,-15.24,22.2,2.419,0.617,0.53
15:34:16,MOVE,36.927,8.258,-7.575,46.0,8.0,-8.0,,6,1,1,1,0,-6.86,-16.28,13.91,2.694,0.569,0.395
15:34:16,MOVE,37.248,8.319,-7.542,46.0,8.0,-8.0,,6,1,1,1,0,-4.82,-16.93,5.07,3.009,0.502,0.34
15:34:16,MOVE,37.543,8.364,-7.517,46.0,8.0,-8.0,,6,1,1,1,0,-3.28,-17.19,-1.62,3.251,0.441,0.352
15:34:16,MOVE,37.827,8.398,-7.493,46.0,8.0,-8.0,,6,1,1,1,0,-2.29,-17.29,-6.24,3.463,0.379,0.368
15:34:17,MOVE,38.158,8.428,-7.463,46.0,8.0,-8.0,,6,1,1,1,0,-1.57,-17.33,-10.05,3.688,0.305,0.386
15:34:17,MOVE,38.473,8.448,-7.434,46.0,8.0,-8.0,,6,1,1,1,0,-1.27,-17.34,-12.39,3.887,0.232,0.402
15:34:17,MOVE,38.836,8.462,-7.4,46.0,8.0,-8.0,,6,1,1,1,0,-1.36,-17.31,-13.75,4.1,0.144,0.416
15:34:17,MOVE,39.249,8.464,-7.362,46.0,8.0,-8.0,,6,1,1,1,0,-1.92,-17.25,-13.96,4.334,0.035,0.399
15:34:17,MOVE,39.61,8.457,-7.332,46.0,8.0,-8.0,,6,1,1,1,0,-2.74,-16.99,-13.39,4.53,-0.067,0.36
15:34:17,MOVE,40.021,8.438,-7.303,46.0,8.0,-8.0,,6,1,1,1,0,-3.74,-13.95,-12.14,4.729,-0.19,0.293
15:34:17,MOVE,40.446,8.406,-7.285,46.0,8.0,-8.0,,6,1,1,1,0,-3.97,-8.65,-10.81,4.866,-0.312,0.137
15:34:17,MOVE,40.837,8.367,-7.285,46.0,8.0,-8.0,,6,1,1,1,0,-3.53,-3.45,-9.47,4.907,-0.406,-0.077
15:34:17,MOVE,41.225,8.321,-7.306,46.0,8.0,-8.0,,6,1,1,1,0,-2.74,0.73,-8.08,4.862,-0.474,-0.335
15:34:17,MOVE,41.602,8.27,-7.349,46.0,8.0,-8.0,,6,1,1,1,0,-1.74,4.14,-6.5,4.752,-0.515,-0.565
15:34:18,MOVE,42.033,8.208,-7.422,46.0,8.0,-8.0,,6,1,1,1,0,-0.76,7.04,-4.87,4.57,-0.535,-0.69
15:34:18,MOVE,42.372,8.156,-7.488,46.0,8.0,-8.0,,6,1,1,1,0,-0.05,9.08,-3.62,4.393,-0.536,-0.702
15:34:18,MOVE,42.722,8.102,-7.558,46.0,8.0,-8.0,,6,1,1,1,0,0.6,10.89,-2.47,4.176,-0.525,-0.665
15:34:18,MOVE,43.02,8.057,-7.616,46.0,8.0,-8.0,,6,1,1,1,0,1.1,12.14,-1.63,3.961,-0.508,-0.61
15:34:18,MOVE,43.35,8.008,-7.676,46.0,8.0,-8.0,,6,1,1,1,0,1.62,13.19,-0.84,3.687,-0.479,-0.536
15:34:18,MOVE,43.65,7.965,-7.726,46.0,8.0,-8.0,,6,1,1,1,0,1.96,13.73,-0.32,3.402,-0.443,-0.462
15:34:18,MOVE,43.878,7.935,-7.762,46.0,8.0,-8.0,,6,1,1,1,0,2.17,13.93,0.04,3.159,-0.41,-0.406
15:34:18,MOVE,44.126,7.904,-7.798,46.0,8.0,-8.0,,6,1,1,1,0,2.27,13.88,0.34,2.868,-0.367,-0.345
15:34:18,MOVE,44.329,7.88,-7.826,46.0,8.0,-8.0,,6,1,1,1,0,2.3,13.64,0.61,2.604,-0.329,-0.297
15:34:18,MOVE,44.525,7.859,-7.851,46.0,8.0,-8.0,,6,1,1,1,0,2.29,13.21,0.96,2.324,-0.288,-0.252
15:34:19,MOVE,44.697,7.843,-7.873,46.0,8.0,-8.0,,6,1,1,1,0,2.28,12.61,1.43,2.056,-0.249,-0.214
15:34:19,MOVE,44.836,7.832,-7.888,46.0,8.0,-8.0,,6,1,1,1,0,2.27,11.93,2.03,1.822,-0.215,-0.185
15:34:19,MOVE,44.967,7.824,-7.902,46.0,8.0,-8.0,,6,1,1,1,0,2.27,11.14,2.85,1.582,-0.181,-0.158
15:34:19,MOVE,45.08,7.819,-7.914,46.0,8.0,-8.0,,6,1,1,1,0,2.27,10.32,3.84,1.359,-0.149,-0.136
15:34:19,MOVE,45.183,7.817,-7.923,46.0,8.0,-8.0,,6,1,1,1,0,2.25,9.37,5.15,1.139,-0.118,-0.117
15:34:19,MOVE,45.257,7.819,-7.93,46.0,8.0,-8.0,,6,1,1,1,0,2.21,8.56,6.43,0.968,-0.093,-0.104
15:34:19,MOVE,45.325,7.823,-7.937,46.0,8.0,-8.0,,6,1,1,1,0,2.14,7.66,8.01,0.8,-0.069,-0.092
15:34:19,MOVE,45.387,7.83,-7.944,46.0,8.0,-8.0,,6,1,1,1,0,2.03,6.79,9.69,0.639,-0.048,-0.081
15:34:19,MOVE,45.433,7.837,-7.949,50.0,0.0,-8.0,,7,1,1,1,0,1.89,5.99,11.39,0.508,-0.032,-0.073
15:34:19,MOVE,45.474,7.846,-7.95,50.0,0.0,-8.0,,7,1,1,1,0,-4.32,0.57,13.1,0.395,-0.017,0.029
15:34:20,MOVE,45.514,7.849,-7.94,50.0,0.0,-8.0,,7,1,1,1,0,-18.94,-7.61,15.04,0.492,-0.163,0.153
15:34:20,MOVE,45.562,7.834,-7.915,50.0,0.0,-8.0,,7,1,1,1,0,-26.37,-8.69,14.3,0.646,-0.387,0.37
15:34:20,MOVE,45.652,7.777,-7.856,50.0,0.0,-8.0,,7,1,1,1,0,-24.77,-6.09,9.73,0.835,-0.775,0.556
15:34:20,MOVE,45.756,7.679,-7.789,50.0,0.0,-8.0,,7,1,1,1,0,-20.03,-5.29,4.55,0.957,-1.133,0.591
15:34:20,MOVE,45.873,7.543,-7.719,50.0,0.0,-8.0,,7,1,1,1,0,-16.71,-6.54,-0.68,1.051,-1.422,0.63
15:34:20,MOVE,45.998,7.377,-7.646,50.0,0.0,-8.0,,7,1,1,1,0,-14.6,-8.64,-7.51,1.148,-1.675,0.674
15:34:20,MOVE,46.12,7.202,-7.575,50.0,0.0,-8.0,,7,1,1,1,0,-13.34,-10.5,-14.67,1.241,-1.899,0.709
15:34:20,MOVE,46.238,7.027,-7.51,50.0,0.0,-8.0,,7,1,1,1,0,-12.15,-12.11,-22.11,1.325,-2.105,0.734
15:34:20,MOVE,46.386,6.793,-7.433,50.0,0.0,-8.0,,7,1,1,1,0,-10.5,-13.86,-31.45,1.431,-2.384,0.66
15:34:20,MOVE,46.531,6.553,-7.377,50.0,0.0,-8.0,,7,1,1,1,0,-8.65,-15.35,-40.49,1.532,-2.679,0.476
15:34:21,MOVE,46.682,6.286,-7.337,50.0,0.0,-8.0,,7,1,1,1,0,-6.55,-16.37,-49.37,1.616,-2.952,0.381
15:34:21,MOVE,46.839,5.996,-7.304,50.0,0.0,-8.0,,7,1,1,1,0,-4.71,-16.88,-56.77,1.684,-3.198,0.372
15:34:21,MOVE,46.985,5.714,-7.274,50.0,0.0,-8.0,,7,1,1,1,0,-3.34,-17.11,-62.35,1.737,-3.413,0.385
15:34:21,MOVE,47.162,5.354,-7.236,50.0,0.0,-8.0,,7,1,1,1,0,-2.15,-17.24,-67.42,1.792,-3.665,0.401
15:34:21,MOVE,47.296,5.07,-7.206,50.0,0.0,-8.0,,7,1,1,1,0,-1.54,-16.7,-70.67,1.827,-3.846,0.44
15:34:21,MOVE,47.461,4.706,-7.164,50.0,0.0,-8.0,,7,1,1,1,0,-1.23,-13.62,-72.98,1.853,-4.041,0.503
15:34:21,MOVE,47.625,4.329,-7.118,50.0,0.0,-8.0,,7,1,1,1,0,-0.99,-8.89,-74.13,1.858,-4.178,0.527
15:34:21,MOVE,47.786,3.946,-7.071,50.0,0.0,-8.0,,7,1,1,1,0,-0.79,-2.57,-74.21,1.84,-4.232,0.512
15:34:21,MOVE,47.943,3.565,-7.028,50.0,0.0,-8.0,,7,1,1,1,0,-0.67,2.6,-73.15,1.799,-4.196,0.45
15:34:21,MOVE,48.08,3.229,-6.997,50.0,0.0,-8.0,,7,1,1,1,0,-0.49,6.3,-71.45,1.742,-4.093,0.35
15:34:22,MOVE,48.234,2.847,-6.975,50.0,0.0,-8.0,,7,1,1,1,0,-0.06,9.22,-68.88,1.65,-3.895,0.178
15:34:22,MOVE,48.342,2.58,-6.972,50.0,0.0,-8.0,,7,1,1,1,0,0.49,10.57,-66.47,1.568,-3.708,0.014
15:34:22,MOVE,48.474,2.252,-6.989,50.0,0.0,-8.0,,7,1,1,1,0,1.26,11.14,-63.46,1.451,-3.427,-0.244
15:34:22,MOVE,48.575,2.005,-7.026,50.0,0.0,-8.0,,7,1,1,1,0,1.87,10.94,-60.92,1.356,-3.187,-0.457
15:34:22,MOVE,48.678,1.759,-7.087,50.0,0.0,-8.0,,7,1,1,1,0,2.37,10.43,-58.35,1.259,-2.934,-0.663
15:34:22,MOVE,48.782,1.517,-7.174,50.0,0.0,-8.0,,7,1,1,1,0,2.81,10.19,-55.76,1.163,-2.675,-0.835
15:34:22,MOVE,48.878,1.301,-7.271,50.0,0.0,-8.0,,7,1,1,1,0,3.17,10.36,-53.71,1.075,-2.442,-0.877
15:34:22,MOVE,48.953,1.136,-7.351,50.0,0.0,-8.0,,7,1,1,1,0,3.47,10.63,-52.16,1.004,-2.258,-0.846
15:34:22,MOVE,49.037,0.957,-7.439,50.0,0.0,-8.0,,7,1,1,1,0,3.8,10.81,-50.48,0.921,-2.043,-0.771
15:34:22,MOVE,49.103,0.822,-7.503,50.0,0.0,-8.0,,7,1,1,1,0,3.99,10.76,-49.34,0.852,-1.868,-0.697
15:34:23,MOVE,49.182,0.665,-7.574,50.0,0.0,-8.0,,7,1,1,1,0,4.14,10.46,-47.85,0.764,-1.647,-0.601
15:34:23,MOVE,49.249,0.536,-7.629,50.0,0.0,-8.0,,7,1,1,1,0,4.21,9.99,-46.4,0.685,-1.452,-0.52
15:34:23,MOVE,49.311,0.424,-7.674,50.0,0.0,-8.0,,7,1,1,1,0,4.24,9.46,-44.91,0.609,-1.266,-0.45
15:34:23,MOVE,49.367,0.326,-7.711,50.0,0.0,-8.0,,7,1,1,1,0,4.27,8.81,-43.01,0.537,-1.09,-0.391
15:34:23,MOVE,49.422,0.236,-7.745,50.0,0.0,-8.0,,7,1,1,1,0,4.29,8.09,-40.72,0.462,-0.912,-0.338
15:34:23,MOVE,49.465,0.172,-7.769,50.0,0.0,-8.0,,7,1,1,1,0,4.3,7.42,-38.28,0.404,-0.772,-0.302
15:34:23,LANDING,49.507,0.114,-7.793,50.0,0.0,-8.0,,8,1,1,1,0,4.31,6.64,-34.98,0.344,-0.632,-0.268
